City_ID,City,Lat,Lng,Max Temp,Humidity,Cloudiness,Wind Speed,Country,Date
0,aklavik,68.2191,-135.0107,-39.72,100,28,0.74,CA,1675645847
1,mar del plata,-38.0023,-57.5575,25.46,51,100,5.63,AR,1675646043
2,gap,44.6667,6.0,-4.54,72,100,1.96,FR,1675646192
3,sisimiut,66.9395,-53.6735,-18.39,93,100,2.53,GL,1675646193
4,mersing,2.4312,103.8405,22.95,94,40,3.09,MY,1675646193
5,vrede,-27.4257,29.1659,11.77,93,6,0.7,ZA,1675646194
6,kimparana,12.8347,-4.9244,24.79,14,3,3.94,ML,1675646194
7,ponta do sol,32.6667,-17.1,16.35,52,4,2.47,PT,1675646195
8,tiksi,71.6872,128.8694,-31.82,100,100,1.52,RU,1675646006
9,butaritari,3.0707,172.7902,26.91,83,100,7.6,KI,1675646195
10,atuona,-9.8,-139.0333,25.98,74,19,7.84,PF,1675646104
11,ixtapa,20.7,-105.2,23.57,83,0,2.06,MX,1675646174
12,alofi,-19.0595,-169.9187,23.94,94,100,8.75,NU,1675646196
13,okhotsk,59.3833,143.3,-24.41,77,100,5.37,RU,1675646131
14,cabiraoan,18.3238,122.086,25.48,77,99,1.9,PH,1675646197
15,manaure,11.7751,-72.4445,26.03,72,90,10.44,CO,1675646198
16,kaitangata,-46.2817,169.8464,18.62,60,59,6.94,NZ,1675646198
17,punta arenas,-53.15,-70.9167,10.06,71,75,9.77,CL,1675646199
18,hilo,19.7297,-155.09,25.71,88,75,2.68,US,1675645975
19,gat,31.61,34.7642,13.0,12,6,6.63,IL,1675646195
20,ushuaia,-54.8,-68.3,2.49,90,72,0.92,AR,1675646150
21,hithadhoo,-0.6,73.0833,27.18,70,97,4.68,MV,1675646200
22,rikitea,-23.1203,-134.9692,26.19,75,3,6.27,PF,1675646199
23,hermanus,-34.4187,19.2345,21.56,87,25,5.4,ZA,1675646132
24,narsaq,60.9167,-46.05,-9.88,74,74,5.77,GL,1675646201
25,puerto carreno,6.189,-67.4859,27.23,54,17,2.68,CO,1675646202
26,saskylakh,71.9167,114.0833,-41.73,100,94,1.72,RU,1675645982
27,inhambane,-23.865,35.3833,22.88,87,58,2.53,MZ,1675646203
28,bluff,-46.6,168.3333,15.18,80,99,10.84,NZ,1675646141
29,los llanos de aridane,28.6585,-17.9182,13.86,71,20,3.6,ES,1675646115
30,leningradskiy,69.3833,178.4167,-29.33,98,100,2.03,RU,1675646148
31,kurilsk,45.2333,147.8833,-4.17,68,99,4.14,RU,1675646204
32,port alfred,-33.5906,26.891,22.88,94,78,4.71,ZA,1675646031
33,barrow,71.2906,-156.7887,-27.99,76,100,1.54,US,1675646134
34,hobart,-42.8794,147.3294,22.37,52,40,9.26,AU,1675646204
35,nikolskoye,59.7035,30.7861,-3.06,94,100,3.2,RU,1675646184
36,arrecife,28.963,-13.5477,13.99,82,0,4.12,ES,1675646206
37,kodiak,57.79,-152.4072,2.73,93,100,3.6,US,1675646130
38,akureyri,65.6835,-18.0878,6.96,49,75,8.23,IS,1675646206
39,vila,42.0304,-8.1588,3.72,59,1,2.27,PT,1675646204
40,cape town,-33.9258,18.4232,22.17,77,0,4.92,ZA,1675646190
41,les cayes,18.2,-73.75,23.7,80,11,2.61,HT,1675646207
42,hofn,64.2539,-15.2082,7.89,95,100,16.51,IS,1675646041
43,tautira,-17.7333,-149.15,27.42,76,100,5.67,PF,1675646208
44,cidreira,-30.1811,-50.2056,23.0,81,100,3.93,BR,1675646206
45,kikwit,-5.041,18.8162,21.0,96,98,1.32,CD,1675646209
46,georgetown,5.4112,100.3354,25.96,89,20,0.51,MY,1675645853
47,biltine,14.5333,20.9167,21.67,12,100,4.01,TD,1675646209
48,port elizabeth,-33.918,25.5701,23.94,94,75,5.66,ZA,1675646186
49,izumo,35.3667,132.7667,4.94,81,75,4.12,JP,1675646210
50,tura,25.5198,90.2201,13.2,53,0,1.62,IN,1675646020
51,ostrovnoy,68.0531,39.5131,-10.57,92,100,7.94,RU,1675646211
52,vaini,-21.2,-175.2,27.41,70,97,4.79,TO,1675646172
53,aksu,41.1231,80.2644,-5.3,79,100,1.12,CN,1675645947
54,geraldton,-28.7667,114.6,24.23,69,100,6.69,AU,1675646153
55,buraydah,26.326,43.975,12.25,41,32,3.46,SA,1675646212
56,sierpc,52.8568,19.6691,-3.34,96,100,1.64,PL,1675646213
57,talnakh,69.4865,88.3972,-15.44,98,99,1.09,RU,1675646214
58,castro,-24.7911,-50.0119,17.5,84,9,2.52,BR,1675646177
59,saint anthony,45.0205,-93.218,-3.22,71,0,2.06,US,1675646214
60,sioux lookout,50.1001,-91.917,-17.71,98,97,1.47,CA,1675646159
61,busselton,-33.65,115.3333,23.03,61,0,5.69,AU,1675646132
62,puerto ayora,-0.7393,-90.3518,26.42,93,37,2.68,EC,1675646161
63,les trois-ilets,14.539,-61.0361,25.4,83,100,6.69,MQ,1675646215
64,krasnoselkup,65.7,82.4667,-26.77,100,79,1.77,RU,1675646216
65,vagur,61.4732,-6.8119,8.69,89,100,16.58,FO,1675646217
66,iqaluit,63.7506,-68.5145,-27.95,68,100,4.02,CA,1675645960
67,tezu,27.9167,96.1667,15.24,37,2,1.41,IN,1675646217
68,new norfolk,-42.7826,147.0587,22.18,52,50,2.68,AU,1675646191
69,cabo san lucas,22.8909,-109.9124,26.17,33,0,5.14,MX,1675645918
70,carnarvon,-24.8667,113.6333,26.87,62,0,7.38,AU,1675646159
71,albany,42.6001,-73.9662,4.94,58,100,2.11,US,1675645949
72,nome,64.5011,-165.4064,-7.96,73,100,2.57,US,1675646219
73,te anau,-45.4167,167.7167,16.11,77,99,2.98,NZ,1675646120
74,paita,-5.0892,-81.1144,23.77,83,17,3.92,PE,1675646219
75,ossora,59.2353,163.0719,-20.21,79,11,1.28,RU,1675646220
76,sheltozero,61.3667,35.3667,-10.46,94,100,2.78,RU,1675646221
77,la libertad,-2.2333,-80.9,26.02,77,3,2.03,EC,1675645841
78,saldanha,-33.0117,17.9442,17.85,94,0,4.26,ZA,1675645954
79,asyut,27.181,31.1837,10.88,53,0,3.29,EG,1675646016
80,gboko,7.3179,8.9951,27.4,25,100,3.21,NG,1675646223
81,ust-tsilma,65.441,52.1498,-25.53,100,100,1.19,RU,1675646224
82,korla,41.7597,86.1469,-2.93,69,88,1.28,CN,1675646155
83,coolum beach,-26.5333,153.1,28.95,69,89,5.98,AU,1675646226
84,alamosa,37.4695,-105.87,3.99,28,0,4.63,US,1675646227
85,mount gambier,-37.8333,140.7667,19.8,53,19,2.98,AU,1675646228
86,reconquista,-29.15,-59.65,24.1,27,29,1.69,AR,1675646229
87,ypsonas,34.6884,32.9574,12.54,71,75,7.2,CY,1675646230
88,banda aceh,5.5577,95.3222,25.78,80,90,2.41,ID,1675646113
89,hambantota,6.1241,81.1185,23.95,85,100,5.77,LK,1675646233
90,mataura,-46.1927,168.8643,16.85,69,98,4.9,NZ,1675646139
91,qaanaaq,77.484,-69.3632,-18.74,52,95,1.14,GL,1675646156
92,baft,29.234,56.6057,2.01,39,9,1.05,IR,1675646235
93,wamba,8.9333,8.6,25.09,19,100,2.24,NG,1675646236
94,laguna,38.421,-121.4238,13.03,65,0,4.12,US,1675646117
95,santa cruz,-17.8,-63.1667,23.7,88,40,2.57,BO,1675645893
96,east london,-33.0153,27.9116,23.36,85,82,5.82,ZA,1675646195
97,batticaloa,7.7102,81.6924,24.97,84,100,4.04,LK,1675646239
98,altayskoye,51.9533,85.3325,-10.77,91,100,2.19,RU,1675646241
99,ugoofaaru,5.6667,73.0,26.65,76,100,1.11,MV,1675645953
100,pevek,69.7008,170.3133,-35.13,96,100,1.56,RU,1675646243
101,saint-francois,46.4154,3.9054,4.82,75,100,4.63,FR,1675646028
102,stromness,58.965,-3.296,8.26,84,100,8.05,GB,1675646246
103,ahipara,-35.1667,173.1667,20.18,94,100,2.13,NZ,1675646247
104,lavrentiya,65.5833,-171.0,-19.51,88,100,4.14,RU,1675646192
105,upernavik,72.7868,-56.1549,-25.15,94,100,3.04,GL,1675646062
106,buckeye,33.3703,-112.5838,21.37,34,0,2.06,US,1675646131
107,mubi,10.2676,13.2644,23.15,20,100,1.2,NG,1675646249
108,chokurdakh,70.6333,147.9167,-41.07,100,95,0.43,RU,1675646155
109,sitka,57.0531,-135.33,5.94,61,100,10.29,US,1675646238
110,tasiilaq,65.6145,-37.6368,-3.91,95,100,2.03,GL,1675646016
111,linxia,35.6003,103.2064,-2.92,43,100,0.47,CN,1675646250
112,shingu,33.7333,135.9833,10.57,45,100,0.75,JP,1675646165
113,lompoc,34.6391,-120.4579,13.8,80,0,6.69,US,1675645918
114,den chai,17.9837,100.0522,26.08,74,16,0.63,TH,1675646251
115,santa rosalia,27.3167,-112.2833,18.18,35,100,0.8,MX,1675646252
116,santa marta,11.2408,-74.199,28.03,65,40,4.12,CO,1675646252
117,alma,48.5501,-71.6491,-11.06,97,100,1.27,CA,1675646050
118,bambous virieux,-20.3428,57.7575,26.23,88,40,1.54,MU,1675646197
119,lida,53.8833,25.2997,-7.16,92,100,1.36,BY,1675646253
120,huron,41.1501,-82.5499,7.69,74,100,5.89,US,1675646010
121,sarangani,5.4033,125.4636,27.11,76,95,5.98,PH,1675646254
122,rassvet,46.8333,40.75,-1.14,80,100,4.42,RU,1675646254
123,kapaa,22.0752,-159.319,26.99,83,100,4.12,US,1675646143
124,yellowknife,62.456,-114.3525,-20.25,76,100,5.36,CA,1675646133
125,clyde river,70.4692,-68.5914,-29.87,69,0,3.6,CA,1675646234
126,dusetos,55.75,25.85,-5.36,89,100,3.23,LT,1675646256
127,providencia,28.7167,-111.5833,24.67,29,6,3.64,MX,1675646256
128,lazaro cardenas,17.9583,-102.2,24.68,75,0,2.84,MX,1675646183
129,inirida,3.8653,-67.9239,22.33,98,75,1.13,CO,1675646257
130,jos,9.9167,8.9,20.48,19,100,2.58,NG,1675646257
131,provideniya,64.3833,-173.3,-13.94,72,100,8.05,RU,1675646133
132,riverton,40.5219,-111.9391,1.74,86,0,4.92,US,1675646258
133,saint-philippe,-21.3585,55.7679,24.77,85,100,4.65,RE,1675646161
134,flinders,-34.5833,150.8552,28.99,66,0,2.68,AU,1675646254
135,dawei,14.0833,98.2,24.03,84,8,0.99,MM,1675646137
136,kandrian,-6.2167,149.55,29.96,66,100,2.63,PG,1675646260
137,half moon bay,37.4636,-122.4286,11.04,85,0,7.72,US,1675646131
138,salalah,17.0151,54.0924,20.75,64,100,1.29,OM,1675645951
139,burnie,-41.0667,145.9167,20.58,53,31,4.95,AU,1675646260
140,nanuque,-17.8392,-40.3539,24.98,75,0,4.94,BR,1675646261
141,lebu,-37.6167,-73.65,16.11,90,1,8.1,CL,1675646022
142,udachnyy,66.4167,112.4,-33.64,66,100,0.8,RU,1675646262
143,kalia,23.0396,89.6328,15.47,49,0,0.22,BD,1675646262
144,constitucion,-35.3333,-72.4167,14.38,95,14,2.14,CL,1675646106
145,arraial do cabo,-22.9661,-42.0278,24.28,91,94,3.45,BR,1675646152
146,goderich,43.7501,-81.7165,2.18,80,100,3.09,CA,1675646263
147,catamarca,-28.4696,-65.7852,21.99,61,0,4.89,AR,1675646264
148,santa lucia,27.9117,-15.5407,11.62,63,20,4.12,ES,1675646264
149,isangel,-19.55,169.2667,30.18,67,100,1.26,VU,1675646001
150,fukue,32.6881,128.8419,10.2,66,0,4.63,JP,1675646265
151,avarua,-21.2078,-159.775,25.03,88,75,6.17,CK,1675646023
152,auchi,7.0667,6.2667,24.77,81,100,2.83,NG,1675646266
153,bengkulu,-3.8004,102.2655,24.57,81,95,2.0,ID,1675646136
154,hasaki,35.7333,140.8333,10.16,70,3,3.04,JP,1675645978
155,ormara,25.2088,64.6357,21.05,70,0,4.53,PK,1675646267
156,tucuman,-26.8241,-65.2226,23.21,65,48,1.69,AR,1675646089
157,oloron-sainte-marie,43.1944,-0.6107,5.41,92,73,1.85,FR,1675646268
158,jamestown,42.097,-79.2353,4.84,70,100,5.14,US,1675646060
159,chicama,-7.8447,-79.1469,21.3,72,15,2.27,PE,1675646149
160,wanning,18.8003,110.3967,23.42,83,100,1.07,CN,1675645980
161,bethel,41.3712,-73.414,4.93,68,0,0.0,US,1675645939
162,vrutky,49.1133,18.9171,-12.53,100,93,2.08,SK,1675646269
163,adrar,20.5022,-10.0711,14.24,29,100,4.47,MR,1675646031
164,zyryanka,65.75,150.85,-32.52,98,100,0.65,RU,1675646077
165,cocorna,6.0573,-75.1852,21.31,95,17,1.3,CO,1675646271
166,bara,10.3744,10.7288,24.04,21,96,3.92,NG,1675646271
167,thompson,55.7435,-97.8558,-14.64,96,100,2.73,CA,1675645948
168,joensuu,62.6012,29.7632,-5.73,100,100,0.51,FI,1675646272
169,samarai,-10.6167,150.6667,27.88,79,99,5.25,PG,1675646036
170,ayan,56.45,138.1667,-21.21,74,67,2.96,RU,1675646272
171,fairbanks,64.8378,-147.7164,-13.84,81,0,2.57,US,1675646102
172,faanui,-16.4833,-151.75,27.73,73,8,6.61,PF,1675646065
173,channel-port aux basques,47.5702,-59.1367,0.79,98,100,9.81,CA,1675646130
174,khatanga,71.9667,102.5,-36.84,100,48,2.94,RU,1675645961
175,mazyr,52.0495,29.2456,-6.6,95,100,3.0,BY,1675646274
176,pucallpa,-8.3791,-74.5539,26.02,89,75,2.57,PE,1675646063
177,cherskiy,68.75,161.3,-38.98,99,98,2.15,RU,1675646151
178,severo-kurilsk,50.6789,156.125,-2.83,73,100,4.28,RU,1675646185
179,pizhanka,57.4604,48.542,-17.97,100,96,1.66,RU,1675646276
180,mahina,-17.5065,-149.489,28.87,70,40,4.63,PF,1675646276
181,krasnyy chikoy,50.3643,108.7512,-23.39,100,94,0.69,RU,1675646277
182,kruisfontein,-34.0033,24.7314,22.71,90,89,2.38,ZA,1675646219
183,port blair,11.6667,92.75,26.26,77,1,2.65,IN,1675645962
184,codrington,-38.2667,141.9667,18.37,60,88,3.59,AU,1675646049
185,bredasdorp,-34.5322,20.0403,20.13,90,44,4.71,ZA,1675646134
186,northam,51.0333,-4.2167,3.12,82,23,2.98,GB,1675646258
187,vao,-22.6667,167.4833,26.22,84,33,7.03,NC,1675646224
188,puerto suarez,-18.95,-57.8,25.18,67,19,1.13,BO,1675646279
189,susaki,33.3667,133.2833,8.04,41,100,0.63,JP,1675646280
190,bereda,43.2686,-7.5406,2.3,100,48,2.19,ES,1675646280
191,magadan,59.5667,150.8,-21.01,71,99,3.04,RU,1675646281
192,sembakung,3.8167,117.25,27.22,81,51,0.56,ID,1675646282
193,gatesville,31.4352,-97.7439,18.06,62,0,4.43,US,1675646284
194,tuktoyaktuk,69.4541,-133.0374,-38.39,100,55,2.74,CA,1675646142
195,linfen,36.0889,111.5189,5.27,44,100,0.34,CN,1675646286
196,nortelandia,-14.4547,-56.8028,23.29,90,95,1.11,BR,1675646288
197,siocon,7.7061,122.1353,27.55,73,74,0.85,PH,1675646290
198,klaksvik,62.2266,-6.589,9.51,90,100,14.85,FO,1675645961
199,luderitz,-26.6481,15.1594,16.48,94,92,3.02,NA,1675645976
200,ketchikan,55.3422,-131.6461,3.26,87,100,5.14,US,1675646252
201,omboue,-1.5746,9.2618,25.64,84,100,1.64,GA,1675646295
202,kumertau,52.7667,55.7833,-16.28,99,100,0.09,RU,1675646296
203,buala,-8.145,159.5921,24.94,93,100,4.83,SB,1675646297
204,quatre cocos,-20.2078,57.7625,26.16,83,100,4.34,MU,1675646297
205,olafsvik,64.8945,-23.7142,1.96,69,100,18.54,IS,1675646190
206,maniitsoq,65.4167,-52.9,-14.5,83,100,6.23,GL,1675646268
207,airai,-8.9266,125.4092,20.41,73,89,1.55,TL,1675646299
208,roma,43.2128,-75.4557,6.16,69,100,0.0,US,1675646196
209,beloha,-25.1667,45.05,21.59,92,100,4.8,MG,1675646064
210,trinidad,-14.8333,-64.9,20.15,98,99,0.5,BO,1675646302
211,juneau,58.3019,-134.4197,1.79,97,100,10.29,US,1675646303
212,coquimbo,-29.9533,-71.3436,18.85,82,0,2.57,CL,1675645825
213,black river,18.0264,-77.8487,23.97,78,5,1.69,JM,1675646305
214,marsa matruh,31.3525,27.2453,9.11,71,40,10.29,EG,1675646307
215,antalaha,-14.9003,50.2788,23.12,92,90,2.01,MG,1675646308
216,fort nelson,58.8053,-122.7002,-16.14,81,0,1.03,CA,1675646213
217,naranjal,-2.6667,-79.6167,25.61,82,55,0.82,EC,1675646309
218,de aar,-30.6497,24.0123,22.06,55,0,2.54,ZA,1675646310
219,lagoa,39.05,-27.9833,15.01,84,100,4.44,PT,1675645984
220,rio grande,-32.035,-52.0986,21.75,79,14,3.41,BR,1675646311
221,beringovskiy,63.05,179.3167,-27.36,92,93,5.16,RU,1675646311
222,xining,36.6167,101.7667,-4.93,59,55,1.08,CN,1675646156
223,mana,5.6592,-53.7767,24.03,88,100,5.25,GF,1675646312
224,esperance,-33.8667,121.9,25.14,45,79,8.74,AU,1675646148
225,acarau,-2.8856,-40.12,25.52,85,100,4.29,BR,1675646335
226,filadelfia,39.9523,-75.1638,7.27,58,0,0.0,US,1675645943
227,digapahandi,19.3667,84.5833,16.2,52,20,1.12,IN,1675646335
228,rawah,34.4816,41.9093,11.28,54,23,5.46,IQ,1675646336
229,yasothon,15.75,104.1333,27.24,66,39,1.9,TH,1675646337
230,pemangkat,1.1667,108.9667,25.57,86,100,2.05,ID,1675646337
231,la ronge,55.1001,-105.2842,-4.25,96,100,2.66,CA,1675646132
232,bahar,34.9072,48.4414,-1.91,74,0,2.06,IR,1675646338
233,yeppoon,-23.1333,150.7333,29.88,76,60,7.5,AU,1675646339
234,norman wells,65.282,-126.8329,-29.89,100,72,0.63,CA,1675646159
235,tineo,43.3376,-6.4145,5.14,87,76,1.8,ES,1675646340
236,coahuayana,18.7333,-103.6833,23.24,75,0,1.67,MX,1675646074
237,klyuchi,52.2667,79.1667,-10.54,97,100,1.73,RU,1675646340
238,vysha,53.8477,42.3777,-13.66,98,87,1.48,RU,1675646341
239,namibe,-15.1961,12.1522,21.48,80,100,2.68,AO,1675646154
240,neryungri,56.6709,124.6491,-26.81,96,100,2.22,RU,1675646342
241,nizwa,22.9333,57.5333,19.34,61,72,0.86,OM,1675646345
242,tabuk,17.4189,121.4443,24.31,77,85,1.9,PH,1675646347
243,caravelas,-17.7125,-39.2481,25.75,83,1,4.72,BR,1675646350
244,shenjiamen,29.9576,122.298,11.05,97,100,1.96,CN,1675646353
245,torbay,47.6666,-52.7314,-4.02,79,39,2.24,CA,1675646121
246,tessalit,20.1986,1.0114,18.93,11,0,3.71,ML,1675646209
247,mangrol,21.1167,70.1167,19.4,64,0,4.74,IN,1675646355
248,san patricio,28.017,-97.5169,20.1,85,0,4.27,US,1675646248
249,ancud,-41.8697,-73.8203,14.42,77,69,2.11,CL,1675646139
250,port moresby,-9.4431,147.1797,30.68,70,40,5.14,PG,1675646110
251,nanortalik,60.1432,-45.2371,-7.18,77,100,12.98,GL,1675646145
252,sangar,63.9242,127.4739,-38.91,98,100,1.78,RU,1675646361
253,odienne,9.51,-7.5692,25.6,21,34,0.97,CI,1675646362
254,sao sebastiao,-23.76,-45.4097,25.19,91,100,2.42,BR,1675646362
255,cordoba,-31.4135,-64.1811,25.69,77,0,3.6,AR,1675646363
256,college,64.8569,-147.8028,-13.84,81,40,2.57,US,1675646150
257,ouango,4.3133,22.5552,21.76,29,87,1.0,CF,1675646364
258,kasongo-lunda,-6.4667,16.8167,19.62,97,100,0.37,CD,1675646366
259,sungaipenuh,-2.0833,101.3833,19.98,75,100,0.73,ID,1675646367
260,moerai,-22.4333,-151.3333,26.94,73,75,4.82,PF,1675646367
261,guerrero negro,27.9769,-114.0611,16.1,77,96,8.43,MX,1675646319
262,dwarka,22.2394,68.9678,20.91,80,76,4.24,IN,1675646368
263,mount hagen,-5.8581,144.2274,21.42,68,40,3.09,PG,1675646369
264,lorengau,-2.0226,147.2712,28.48,76,100,2.07,PG,1675646370
265,celestun,20.8667,-90.4,22.76,74,34,6.69,MX,1675646370
266,kahului,20.8947,-156.47,27.01,72,20,9.77,US,1675646013
267,marsh harbour,26.5412,-77.0636,23.52,82,95,8.1,BS,1675646194
268,poum,-20.2333,164.0167,28.96,79,100,7.86,NC,1675645943
269,aksarka,66.5606,67.7975,-26.35,100,36,0.81,RU,1675646372
270,kaohsiung,22.6163,120.3133,23.97,72,75,2.57,TW,1675646257
271,quime,-16.9833,-67.2167,9.22,99,100,1.58,BO,1675646373
272,vostok,46.4856,135.8833,-15.24,86,56,1.67,RU,1675646373
273,ilulissat,69.2167,-51.1,-16.99,78,100,10.8,GL,1675646183
274,tocopilla,-22.092,-70.1979,22.69,82,1,3.18,CL,1675646235
275,oranjestad,12.524,-70.027,26.97,82,20,9.77,AW,1675646320
276,katsuura,35.1333,140.3,9.9,67,9,2.46,JP,1675646150
277,iberia,29.9502,-91.7507,16.04,76,0,2.34,US,1675646374
278,wloclawek,52.6482,19.0678,-4.13,96,100,1.63,PL,1675646375
279,batangafo,7.3008,18.2833,23.2,17,80,1.27,CF,1675646375
280,trincomalee,8.5711,81.2335,25.83,78,100,5.41,LK,1675646376
281,derzhavinsk,51.1,66.3167,-9.55,96,100,1.76,KZ,1675646376
282,basco,20.4487,121.9702,24.84,76,93,5.59,PH,1675646377
283,talas,38.6908,35.5538,-1.63,93,100,7.72,TR,1675646374
284,awbari,26.5921,12.7805,9.14,50,10,2.43,LY,1675646378
285,manavalakurichi,8.1333,77.3,22.91,71,29,2.6,IN,1675646379
286,touros,-5.1989,-35.4608,26.62,76,8,5.07,BR,1675645990
287,padang,-0.9492,100.3543,23.03,77,100,1.62,ID,1675645936
288,porangatu,-13.4408,-49.1486,22.57,89,88,0.86,BR,1675646380
289,porto novo,6.4965,2.6036,26.38,87,100,3.19,BJ,1675646243
290,abu samrah,35.3029,37.1841,7.19,82,52,4.67,SY,1675646380
291,bardiyah,31.7561,25.0865,11.03,63,100,13.09,LY,1675646381
292,dikson,73.5069,80.5464,-18.81,97,100,1.04,RU,1675646011
293,muisne,0.6,-80.0333,25.38,86,66,1.84,EC,1675646382
294,portland,45.5234,-122.6762,10.32,88,75,4.12,US,1675645848
295,uglovskoye,51.3557,80.1942,-7.68,97,100,1.95,RU,1675646383
296,inta,66.0317,60.1659,-14.09,95,99,4.69,RU,1675646318
297,moose jaw,50.4001,-105.5344,0.21,82,100,4.65,CA,1675646130
298,kota belud,6.351,116.4305,27.56,68,10,0.84,MY,1675646384
299,necochea,-38.5473,-58.7368,23.48,46,96,3.39,AR,1675646358
300,cabedelo,-6.9811,-34.8339,27.37,79,18,4.51,BR,1675646385
301,esperantinopolis,-4.8667,-44.7083,23.56,96,100,1.3,BR,1675646385
302,san ramon,37.7799,-121.978,10.62,80,0,5.14,US,1675646277
303,valer,60.6785,11.8331,-13.6,98,100,1.13,NO,1675646386
304,verkhnyaya toyma,62.2349,44.9985,-21.8,100,100,1.26,RU,1675646386
305,homer,59.6425,-151.5483,3.94,68,100,7.72,US,1675646387
306,genhe,50.7833,121.5167,-26.23,100,100,1.15,CN,1675646387
307,brenham,30.1669,-96.3977,18.88,68,0,0.0,US,1675646388
308,san juan,-31.5375,-68.5364,30.73,28,0,4.52,AR,1675646389
309,husavik,66.0449,-17.3389,6.64,67,100,14.75,IS,1675646174
310,praia da vitoria,38.7333,-27.0667,15.42,93,100,7.34,PT,1675645986
311,vardo,70.3705,31.1107,-4.01,93,100,3.6,NO,1675646046
312,wewak,-3.5534,143.6268,25.22,88,100,2.19,PG,1675646390
313,westport,41.1415,-73.3579,5.87,76,100,4.59,US,1675646390
314,qaqortoq,60.7167,-46.0333,-12.05,83,96,8.32,GL,1675646391
315,kholmogory,64.2229,41.656,-18.47,99,13,2.16,RU,1675646391
316,albertville,34.2676,-86.2089,10.94,59,0,2.06,US,1675646191
317,mahebourg,-20.4081,57.7,26.25,88,40,1.54,MU,1675646235
318,verkhnyaya inta,65.9811,60.3094,-14.01,95,99,4.47,RU,1675646352
319,circleville,39.6006,-82.946,8.56,65,0,3.09,US,1675646393
320,acapulco,16.8634,-99.8901,27.9,69,0,3.09,MX,1675646245
321,puqi,29.7167,113.8833,9.26,82,89,0.66,CN,1675646394
322,victoria,22.2855,114.1577,19.62,87,84,1.34,HK,1675645905
323,matai,-8.3,31.5167,14.14,96,100,1.05,TZ,1675646394
324,kulhudhuffushi,6.6221,73.07,26.57,75,100,1.17,MV,1675645957
325,truckee,39.328,-120.1833,0.18,92,100,2.24,US,1675646295
326,talara,-4.5772,-81.2719,26.42,65,0,5.66,PE,1675646395
327,dandong,40.1292,124.3947,-0.57,70,94,1.84,CN,1675646396
328,anadyr,64.75,177.4833,-30.56,74,75,5.0,RU,1675646358
329,almeirim,-1.5233,-52.5817,23.19,96,100,1.42,BR,1675646397
330,mumford,5.2618,-0.759,26.35,90,100,4.96,GH,1675646397
331,sabang,5.8933,95.3214,27.38,70,89,4.02,ID,1675646398
332,pisco,-13.7,-76.2167,24.03,83,0,5.14,PE,1675646144
333,russell,32.3502,-85.1999,14.57,89,1,2.17,US,1675646125
334,gizo,-8.103,156.8419,25.96,89,100,6.58,SB,1675646257
335,wembley,-31.9333,115.8,23.36,76,100,3.6,AU,1675646399
336,arman,59.7,150.1667,-22.7,78,94,3.59,RU,1675646218
337,grand gaube,-20.0064,57.6608,26.32,79,100,1.34,MU,1675646215
338,kidal,18.4411,1.4078,22.01,12,3,2.4,ML,1675646228
339,margate,51.3813,1.3862,5.39,89,63,1.34,GB,1675646234
340,kavieng,-2.5744,150.7967,28.84,70,58,1.89,PG,1675646198
341,gull lake,50.1001,-108.4847,-0.54,78,64,5.35,CA,1675646401
342,dingle,10.9995,122.6711,26.6,81,74,4.29,PH,1675645958
343,middelburg,-25.7751,29.4648,15.74,79,60,2.55,ZA,1675646406
344,talcahuano,-36.7167,-73.1167,13.82,94,8,2.06,CL,1675646404
345,otradnoye,59.7775,30.8181,-2.97,94,100,3.18,RU,1675646193
346,san jeronimo,-11.9472,-75.2829,9.98,83,90,2.5,PE,1675646420
347,yerbogachen,61.2767,108.0108,-35.2,100,100,1.21,RU,1675646372
348,congonhas,-20.4997,-43.8578,19.65,93,100,0.89,BR,1675646423
349,cap-aux-meules,47.3821,-61.8597,-1.97,100,100,6.17,CA,1675646425
350,mapiripan,2.8892,-72.1256,25.43,67,99,1.79,CO,1675646426
351,pacific grove,36.6177,-121.9166,11.95,80,75,8.05,US,1675646100
352,pointe michel,15.25,-61.3833,24.96,78,85,7.97,DM,1675646427
353,sao filipe,14.8961,-24.4956,20.86,62,24,6.9,CV,1675646010
354,hami,42.8,93.45,-1.97,42,84,1.65,CN,1675646141
355,ngaoundere,7.3167,13.5833,19.74,17,100,2.06,CM,1675646430
356,thap than,15.4606,99.8917,27.06,72,100,0.95,TH,1675646431
357,blagoveshchenka,52.8333,79.8667,-9.75,96,100,3.44,RU,1675646431
358,nakuru,-0.2833,36.0667,12.75,65,0,0.71,KE,1675646432
359,maningrida,-12.0667,134.2667,29.19,56,100,2.15,AU,1675646209
360,karachi,24.9056,67.0822,19.9,88,40,2.06,PK,1675646357
361,avera,33.194,-82.5271,10.73,88,0,3.26,US,1675646002
362,nishihara,26.1842,127.7558,19.6,94,100,2.57,JP,1675646433
363,bonthe,7.5264,-12.505,24.39,86,99,1.97,SL,1675646377
364,tottori,35.5,134.2333,7.04,57,75,3.6,JP,1675646410
365,souillac,-20.5167,57.5167,25.21,88,40,1.54,MU,1675646258
366,melita,49.2681,-100.9967,-1.37,93,16,4.74,CA,1675646435
367,veraval,20.9,70.3667,20.17,51,0,5.3,IN,1675646435
368,alice springs,-23.7,133.8833,28.75,16,2,6.17,AU,1675646270
369,bassano,50.7834,-112.4685,1.27,81,19,5.17,CA,1675646436
370,zhigansk,66.7697,123.3711,-41.85,97,100,0.5,RU,1675646312
371,nantucket,41.2835,-70.0995,8.08,83,0,6.17,US,1675646126
372,okha,53.5739,142.9478,-18.35,93,97,5.3,RU,1675646437
373,asfi,32.2994,-9.2372,11.96,71,0,2.89,MA,1675646437
374,lerwick,60.1545,-1.1494,8.0,85,100,10.46,GB,1675646234
375,rafsanjan,30.4067,55.9939,8.04,41,63,2.78,IR,1675646438
376,ribeira grande,38.5167,-28.7,16.54,91,100,6.71,PT,1675645952
377,todos santos,23.45,-110.2167,24.06,80,48,2.37,MX,1675646438
378,turayf,31.6725,38.6637,4.14,70,0,0.0,SA,1675646439
379,tazovskiy,67.4667,78.7,-23.04,100,95,2.97,RU,1675646440
380,baculin,7.4525,126.5842,28.01,69,100,2.26,PH,1675646018
381,arlit,18.7369,7.3853,21.29,15,49,3.5,NE,1675646166
382,senador pompeu,-5.5881,-39.3717,25.4,77,39,3.69,BR,1675646441
383,soe,-9.8607,124.284,22.42,80,80,0.47,ID,1675646043
384,litovko,49.2361,135.1742,-22.53,93,10,0.72,RU,1675646442
385,palana,59.1167,159.9667,-19.93,93,68,3.45,RU,1675646295
386,hachinohe,40.5,141.5,2.85,76,100,3.77,JP,1675646146
387,alta floresta,-9.8756,-56.0861,22.35,95,99,1.19,BR,1675646443
388,rosarito,32.3333,-117.0333,14.81,72,0,5.9,MX,1675646444
389,mitsamiouli,-11.3847,43.2844,27.31,77,100,3.21,KM,1675646444
390,milagres,-7.3133,-38.9456,26.43,56,100,1.79,BR,1675646445
391,khorramshahr,30.4397,48.1664,13.98,77,0,0.0,IR,1675646445
392,curuguaty,-24.4694,-55.6945,23.34,62,100,1.32,PY,1675646446
393,namatanai,-3.6667,152.4333,29.41,65,45,2.15,PG,1675646393
394,kirakira,-10.4544,161.9205,25.99,92,100,9.51,SB,1675646446
395,torbat-e jam,35.244,60.6225,3.75,66,0,1.94,IR,1675646447
396,birao,10.2849,22.7882,20.93,17,13,2.17,CF,1675646447
397,broome,42.2506,-75.833,5.37,62,100,4.63,US,1675646266
398,aripuana,-9.1667,-60.6333,22.87,97,100,0.79,BR,1675646400
399,boca do acre,-8.7522,-67.3978,22.35,98,100,1.2,BR,1675646262
400,cayenne,4.9333,-52.3333,22.02,100,0,0.0,GF,1675646227
401,champerico,14.3,-91.9167,26.52,71,2,3.72,GT,1675646449
402,ascension,30.2169,-90.9001,16.0,73,0,0.0,US,1675646314
403,shubarshi,48.5872,57.1869,-14.57,94,20,2.11,KZ,1675646449
404,chifeng,42.2683,118.9636,-6.27,45,2,0.11,CN,1675646450
405,baruun-urt,46.6806,113.2792,-19.6,91,16,2.09,MN,1675646431
406,mareeba,-17.0,145.4333,29.69,82,100,2.41,AU,1675646368
407,marilia,-22.2139,-49.9458,19.94,92,100,0.5,BR,1675646208
408,kholodnyy,62.7167,147.95,-32.69,99,94,1.32,RU,1675646452
409,tabou,4.423,-7.3528,26.27,86,79,3.73,CI,1675646453
410,kushmurun,52.4503,64.6311,-13.92,96,96,3.0,KZ,1675646454
411,kvarkeno,52.0833,59.725,-16.8,97,84,3.1,RU,1675646454
412,lewistown,40.5992,-77.5714,5.89,81,100,0.0,US,1675646413
413,shache,38.4167,77.2406,-4.58,80,100,1.68,CN,1675646455
414,adwa,14.1646,38.8955,15.24,47,57,1.73,ET,1675646456
415,aswan,24.0934,32.907,14.61,30,0,2.06,EG,1675646222
416,uige,-7.6087,15.0613,18.74,96,100,0.76,AO,1675646457
417,ambilobe,-13.2,49.05,23.06,93,100,1.33,MG,1675646440
418,garden city,42.3256,-83.331,4.14,73,100,4.63,US,1675646458
419,chuy,-33.6971,-53.4616,18.95,81,0,2.26,UY,1675645856
420,meadow lake,34.8014,-106.5436,14.91,19,0,5.18,US,1675646459
421,abrau-dyurso,44.69,37.59,-0.29,79,87,8.93,RU,1675646459
422,hellvik,59.9156,5.781,5.43,91,100,1.89,NO,1675646459
423,sampit,-2.5333,112.95,24.91,92,100,0.7,ID,1675646460
424,shu,43.5983,73.7614,-1.41,97,100,2.17,KZ,1675646460
425,vila velha,-20.3297,-40.2925,27.19,84,0,5.66,BR,1675645961
426,lichinga,-13.3128,35.2406,16.14,99,100,1.07,MZ,1675646461
427,leh,34.1667,77.5833,-14.89,78,100,1.04,IN,1675646463
428,auras,26.9167,80.5167,10.97,51,0,2.33,IN,1675646464
429,akdepe,42.0551,59.3788,-1.95,67,100,3.88,TM,1675646465
430,kuala lipis,4.1842,102.0468,22.63,99,100,0.45,MY,1675646466
431,namyslow,51.0759,17.7228,-3.71,79,100,0.64,PL,1675646471
432,axim,4.8699,-2.2405,26.62,88,62,4.38,GH,1675646198
433,gori,41.9842,44.1158,0.57,78,100,3.6,GE,1675646474
434,meulaboh,4.1363,96.1285,24.49,86,100,2.85,ID,1675646226
435,puerto del rosario,28.5004,-13.8627,14.86,72,0,4.63,ES,1675646477
436,matara,5.9485,80.5353,23.93,92,100,2.01,LK,1675646419
437,quesnel,52.9999,-122.5029,6.28,33,0,5.66,CA,1675646372
438,chirala,15.8167,80.35,21.23,83,95,1.65,IN,1675646479
439,kununurra,-15.7667,128.7333,31.99,45,11,2.57,AU,1675646480
440,road town,18.4167,-64.6167,26.02,73,40,5.66,VG,1675646190
441,banyo,6.75,11.8167,20.34,18,98,2.13,CM,1675646482
442,granadilla de abona,28.1188,-16.576,11.61,50,20,3.6,ES,1675646483
443,babol,36.5513,52.679,5.99,75,0,0.0,IR,1675646484
444,honningsvag,70.9821,25.9704,3.86,65,100,8.75,NO,1675646486
445,ozieri,40.586,9.0012,7.33,93,100,2.77,IT,1675646487
446,grants,35.1473,-107.8514,11.13,11,0,2.57,US,1675646488
447,vaitape,-16.5167,-151.75,27.75,73,8,6.61,PF,1675646000
448,dinagat,9.9561,125.5933,26.91,79,100,6.26,PH,1675646490
449,bandikui,27.05,76.5667,15.6,42,0,0.91,IN,1675646491
450,nouakchott,18.0858,-15.9785,18.96,35,49,6.63,MR,1675646491
451,ransang,8.9603,117.5828,26.98,74,24,1.27,PH,1675646492
452,tiebissou,7.1574,-5.2257,26.05,64,98,2.15,CI,1675646492
453,comodoro rivadavia,-45.8667,-67.5,16.92,72,0,1.54,AR,1675646273
454,amarante,-6.2411,-42.8547,26.36,65,99,1.34,BR,1675646493
455,chumphon,10.3333,98.8333,21.96,87,100,0.81,TH,1675646494
456,chipinge,-20.1883,32.6236,16.4,74,0,0.81,ZW,1675646393
457,suicheng,33.8963,117.9331,7.63,75,100,3.0,CN,1675646495
458,batagay,67.6333,134.6333,-42.68,99,99,1.06,RU,1675646371
459,sandwick,60.0,-1.25,7.9,87,100,8.23,GB,1675646495
460,oussouye,12.485,-16.5469,20.1,58,86,4.06,SN,1675646496
461,longyearbyen,78.2186,15.6401,-2.09,74,40,1.03,SJ,1675646130
462,high level,58.5169,-117.136,-10.94,79,75,2.57,CA,1675646262
463,raudeberg,61.9875,5.1352,6.59,75,100,11.13,NO,1675646216
464,balkanabat,39.5108,54.3671,6.76,49,9,1.74,TM,1675646497
465,hobyo,5.3505,48.5268,24.51,77,95,6.8,SO,1675646090
466,moose factory,51.2585,-80.6094,-29.98,100,41,0.84,CA,1675646147
467,taywarah,33.35,64.4167,-11.76,93,28,1.85,AF,1675646498
468,haines junction,60.7522,-137.5108,-10.03,79,100,0.51,CA,1675646264
469,yenagoa,4.9247,6.2642,25.73,88,100,2.67,NG,1675646210
470,sorong,-0.8833,131.25,25.65,85,100,2.77,ID,1675646499
471,trollhattan,58.2333,12.4167,-1.44,93,100,1.54,SE,1675646500
472,bakel,14.905,-12.4568,23.3,15,25,4.14,SN,1675646500
473,naze,28.3667,129.4833,17.51,88,100,5.21,JP,1675646396
474,sim,54.993,57.6982,-17.25,100,100,0.76,RU,1675646501
475,kirovsk,48.6375,38.6428,-4.41,87,100,4.86,UA,1675646502
476,lagos,6.5833,3.75,28.18,90,45,2.27,NG,1675646239
477,wau,7.7029,27.9953,23.75,17,37,2.14,SS,1675646502
478,san quintin,30.4833,-115.95,15.29,81,91,10.8,MX,1675645999
479,bulgan,48.8125,103.5347,-19.72,94,84,1.48,MN,1675646503
480,zhanaozen,43.3,52.8,-0.5,74,97,5.34,KZ,1675646252
481,qasigiannguit,68.8193,-51.1922,-16.86,98,100,5.01,GL,1675646375
482,zheleznodorozhnyy,55.7503,38.0042,-3.88,96,87,2.61,RU,1675646277
483,evensk,61.95,159.2333,-24.89,78,19,3.71,RU,1675646505
484,yantal,56.8471,105.2542,-10.82,95,100,2.68,RU,1675646505
485,ingham,42.6,-84.3833,1.97,85,100,4.63,US,1675646506
486,walvis bay,-22.9575,14.5053,18.94,87,100,2.25,NA,1675646450
487,booue,-0.0921,11.9385,23.04,93,18,0.88,GA,1675646506
488,taksimo,56.3444,114.8794,-16.74,87,100,2.1,RU,1675646507
489,orlik,52.5178,99.825,-24.8,99,99,0.76,RU,1675646507
490,soyaux,45.65,0.2,3.33,79,0,2.57,FR,1675646508
491,kodinsk,58.6881,99.1844,-13.37,97,100,1.97,RU,1675646508
492,tawau,4.2498,117.8871,28.07,82,17,1.0,MY,1675646509
493,shangrao,28.4532,117.9686,9.55,98,100,0.66,CN,1675646509
494,saiha,22.4833,92.9667,10.74,54,95,1.65,IN,1675646510
495,nemuro,43.3236,145.575,-2.79,74,100,1.71,JP,1675646049
496,grindavik,63.8424,-22.4338,3.26,56,40,13.38,IS,1675646211
497,micheweni,-4.9667,39.8333,26.12,76,29,4.03,TZ,1675646511
498,ewo,-0.8725,14.8206,25.23,62,100,2.26,CG,1675646511
499,fortuna,40.5982,-124.1573,9.25,92,98,0.45,US,1675646103
500,kladno,50.1473,14.1029,-5.87,93,0,1.03,CZ,1675646512
501,dubti,11.7361,41.0853,24.49,60,46,3.57,ET,1675646513
502,vandoeuvre-les-nancy,48.65,6.1833,5.21,84,100,3.09,FR,1675646303
503,labrea,-7.2586,-64.7981,22.75,98,100,0.95,BR,1675646513
504,dunedin,-45.8742,170.5036,21.56,57,69,4.02,NZ,1675646157
505,kokopo,-4.352,152.2633,27.69,68,99,1.29,PG,1675646514
506,sao felix do xingu,-6.6447,-51.995,23.28,88,36,1.02,BR,1675646515
507,manavgat,36.7867,31.4431,7.85,85,100,2.04,TR,1675646515
508,boda,4.3189,17.4695,22.87,22,27,1.86,CF,1675646515
509,mogok,22.9167,96.5,12.5,35,36,1.1,MM,1675646516
510,gafanha da encarnacao,40.6181,-8.733,10.01,65,0,2.41,PT,1675646516
511,port-gentil,-0.7193,8.7815,27.15,78,99,5.11,GA,1675646370
512,monrovia,6.3005,-10.7969,23.87,87,100,3.55,LR,1675646252
513,kimbe,-5.5502,150.1429,30.67,65,96,1.86,PG,1675646517
514,hendek,40.7994,30.7481,2.75,94,100,1.78,TR,1675646518
515,panjakent,39.4952,67.6093,2.91,82,100,1.37,TJ,1675646518
516,praya,14.9215,-23.5087,20.3,64,75,9.26,CV,1675646133
517,salekhard,66.53,66.6019,-25.63,99,32,0.69,RU,1675646519
518,marshall,34.3834,-86.3333,11.88,58,0,2.06,US,1675646464
519,pimenta bueno,-11.6725,-61.1936,22.95,95,100,1.12,BR,1675646519
520,chum phae,16.5443,102.0992,23.85,75,74,0.36,TH,1675646520
521,pangnirtung,66.1451,-65.7125,-37.69,95,95,2.1,CA,1675646392
522,palmas,-10.2128,-48.3603,22.93,94,20,1.54,BR,1675646521
523,musafirkhana,26.3667,81.8,11.57,60,0,1.97,IN,1675646521
524,nouadhibou,20.931,-17.0347,15.99,55,41,7.72,MR,1675646220
525,myanaung,18.2833,95.3167,20.14,32,78,1.15,MM,1675646522
526,tevaitoa,-16.7833,-151.5,27.69,74,6,6.73,PF,1675646524
527,chumikan,54.7183,135.315,-22.08,88,49,7.44,RU,1675646524
528,yenotayevka,47.2456,47.0281,-4.66,92,100,3.65,RU,1675646525
529,wenling,28.3669,121.36,12.81,89,100,2.32,CN,1675646374
530,oranjemund,-28.55,16.4333,17.19,94,89,2.77,NA,1675646526
531,celendin,-6.8703,-78.1517,13.14,85,96,1.83,PE,1675646527
532,mount isa,-20.7333,139.5,28.87,70,100,4.12,AU,1675646210
533,sao paulo de olivenca,-3.3783,-68.8725,22.35,98,97,0.24,BR,1675646529
534,ilebo,-4.3167,20.5833,19.72,96,62,1.08,CD,1675646531
535,tuatapere,-46.1333,167.6833,16.29,80,95,4.52,NZ,1675646207
536,mattru,7.6244,-11.8332,23.95,81,100,1.06,SL,1675646254
537,mirnyy,62.5353,113.9611,-45.21,100,65,0.92,RU,1675646533
538,chulman,56.8479,124.9104,-27.54,95,100,2.21,RU,1675646535
539,kaeo,-35.1,173.7833,19.52,93,100,2.41,NZ,1675646309
540,rorvik,64.8621,11.2373,3.06,93,100,2.57,NO,1675646537
541,saquisili,-0.8333,-78.6667,11.3,93,40,5.14,EC,1675646538
542,bac lieu,9.285,105.7244,25.82,78,11,7.31,VN,1675646136
543,natchitoches,31.7668,-93.1335,12.99,88,0,0.0,US,1675646463
544,xichang,27.8964,102.2634,7.39,57,0,0.28,CN,1675646236
545,mercedes,-34.6515,-59.4307,24.32,39,0,3.5,AR,1675646540
546,hohhot,40.8106,111.6522,-6.84,58,0,1.0,CN,1675646541
547,nanakuli,21.3906,-158.1547,27.97,55,20,6.17,US,1675646543
548,baykit,61.67,96.37,-18.02,100,95,1.34,RU,1675646392
549,vila franca do campo,37.7167,-25.4333,15.23,81,86,3.76,PT,1675646390
550,vestmannaeyjar,63.4427,-20.2734,4.64,66,100,10.63,IS,1675646254
551,karratha,-20.7377,116.8463,34.22,41,2,0.6,AU,1675646398
552,rayong,12.8333,101.4333,29.33,83,18,0.39,TH,1675646556
553,moranbah,-22.0016,148.0466,29.45,66,99,6.44,AU,1675646557
554,kuching,1.55,110.3333,27.92,88,20,0.0,MY,1675646557
555,iisalmi,63.5592,27.1907,-3.61,90,100,3.06,FI,1675646558
556,pran buri,12.3847,99.9098,26.01,73,82,1.68,TH,1675646559
557,yinchuan,38.4681,106.2731,-1.98,32,0,1.45,CN,1675646559
558,makakilo city,21.3469,-158.0858,27.18,63,20,6.69,US,1675645980
559,sept-iles,50.2001,-66.3821,-16.0,83,100,2.06,CA,1675646237
560,humaita,-7.5061,-63.0208,23.68,95,78,0.71,BR,1675646560
561,kolpashevo,58.3131,82.9089,-21.47,100,100,0.84,RU,1675646560
562,saravena,6.9538,-71.8752,22.82,75,42,1.85,CO,1675646561
563,alexandria,31.2156,29.9553,12.84,64,9,14.86,EG,1675645985
564,ballina,-28.8667,153.5667,29.45,64,75,3.51,AU,1675646125
565,warmbad,-28.45,18.7333,23.43,44,29,3.58,NA,1675646562
